{"istanbul":[[27.931395600000002,40.7627042],[29.998148,41.6250271]],"kocaeli":[[29.2991181,40.48354],[30.307497599999998,41.0840465]],"ankara":[[30.7943831,38.6328587],[33.925227299999996,40.7962828]]}